pos,gen_pos,count
22689,0.00022689000000000002,1
23870,0.0002387,1
69642,0.00069642,1
101989,0.00101989,1
121835,0.00121835,2
126784,0.0012678400000000001,1
130693,0.00130693,2
132700,0.001327,2
135293,0.00135293,2
193890,0.0019389000000000001,2
194181,0.00194181,4
234734,0.00234734,2
329441,0.0032944100000000002,3
343589,0.00343589,1
362095,0.00362095,1
378303,0.00378303,1
450407,0.00450407,1
464843,0.00464843,3
488767,0.00488767,1
538404,0.0053840400000000005,3
546177,0.00546177,3
558370,0.0055837000000000005,2
559886,0.00559886,2
618968,0.00618968,3
729563,0.00729563,1
794368,0.00794368,4
820834,0.00820834,1
846267,0.00846267,4
853894,0.00853894,1
888672,0.00888672,1
896391,0.00896391,2
935170,0.009351700000000001,4
962978,0.009629780000000001,2
963987,0.00963987,3
965750,0.0096575,2
967549,0.00967549,1
986255,0.00986255,1
1112710,0.011127100000000001,1
1140722,0.011407220000000001,3
1152146,0.01152146,2
1172968,0.011729680000000001,2
1182099,0.01182099,3
1235287,0.01235287,4
1376345,0.01376345,4
1405756,0.01405756,1
1429044,0.01429044,1
1445569,0.01445569,4
1456402,0.01456402,3
1519384,0.01519384,2
1531640,0.0153164,1
1593241,0.01593241,1
1635270,0.0163527,1
1645140,0.0164514,3
1648434,0.01648434,3
1650545,0.01650545,4
1670338,0.01670338,4
1679198,0.01679198,1
1684665,0.01684665,2
1700741,0.01700741,4
1748587,0.01748587,1
1761894,0.01761894,2
1835402,0.01835402,2
1869368,0.01869368,1
1878683,0.01878683,1
1896059,0.01896059,2
1931552,0.01931552,1
1950784,0.019507840000000002,2
1959373,0.01959373,3
1991694,0.01991694,2
2018223,0.02018223,1
2046216,0.02046216,4
2072621,0.020726210000000002,2
2098625,0.02098625,1
2166739,0.02166739,2
2248454,0.02248454,1
2272255,0.02272255,2
2321686,0.02321686,3
2395956,0.02395956,3
2397459,0.02397459,3
2422726,0.02422726,3
2463249,0.02463249,1
2484370,0.0248437,1
2512750,0.0251275,1
2554411,0.025544110000000002,3
2630410,0.0263041,1
2642019,0.02642019,4
2645294,0.02645294,1
2654951,0.026549510000000002,1
2672224,0.02672224,1
2724220,0.0272422,1
2814968,0.02814968,1
2833476,0.02833476,4
2915931,0.02915931,2
2921884,0.02921884,2
2938905,0.02938905,2
2981490,0.029814900000000002,1
3025270,0.0302527,2
3060626,0.03060626,1
3072140,0.0307214,2
3079307,0.030793070000000002,2
3081384,0.030813840000000002,1
3082602,0.03082602,1
3099301,0.03099301,1
3129591,0.03129591,4
3140909,0.03140909,1
3171720,0.0317172,3
3323113,0.03323113,1
3346342,0.03346342,2
3374017,0.03374017,2
3380120,0.0338012,1
3482907,0.034829070000000004,1
3498357,0.03498357,4
3529614,0.035296140000000004,2
3661639,0.03661639,1
3689655,0.03689655,2
3711593,0.03711593,1
3720551,0.037205510000000004,2
3770880,0.0377088,2
3788095,0.037880950000000004,4
3795009,0.03795009,2
3801913,0.03801913,3
3886189,0.03886189,4
3949312,0.03949312,2
3996773,0.03996773,1
4024629,0.040246290000000004,1
4031148,0.040311480000000004,2
4054801,0.04054801,2
4057867,0.040578670000000004,2
4061895,0.04061895,1
4094098,0.04094098,2
4150280,0.0415028,4
4307671,0.043076710000000004,3
4358237,0.04358237,1
4467615,0.04467615,1
4478898,0.04478898,4
4495044,0.04495044,4
4549850,0.045498500000000004,1
4554998,0.045549980000000004,2
4633853,0.04633853,1
4693740,0.046937400000000004,4
4728171,0.04728171,1
4736453,0.04736453,1
4742795,0.04742795,1
4753680,0.047536800000000004,2
4758662,0.04758662,1
4801851,0.04801851,1
4804652,0.04804652,1
4878489,0.048784890000000004,1
4880081,0.04880081,1
4881195,0.04881195,1
4981339,0.04981339,3
5144460,0.0514446,4
5167849,0.05167849,1
5169495,0.05169495,1
5242601,0.05242601,3
5271997,0.05271997,3
5302474,0.05302474,2
5330981,0.05330981,1
5365668,0.05365668,3
5374611,0.05374611,2
5387595,0.05387595,1
5399708,0.05399708,1
5533126,0.05533126,1
5557436,0.05557436,3
5571310,0.0557131,2
5573483,0.05573483,2
5646563,0.05646563,1
5707654,0.05707654,4
5717281,0.057172810000000004,1
5795451,0.05795451,3
5860374,0.05860374,2
5860975,0.05860975,2
5913535,0.05913535,1
5945282,0.05945282,1
5972215,0.05972215,2
5972611,0.05972611,2
5974997,0.05974997,1
5994923,0.05994923,2
5997200,0.059972000000000004,1
6018437,0.06018437,1
6035756,0.060357560000000005,1
6058869,0.06058869,4
6069214,0.06069214,4
6084512,0.06084512,1
6087211,0.06087211,1
6100520,0.0610052,2
6272975,0.06272975,4
6297184,0.06297184,4
6307767,0.06307767,1
6356164,0.06356164,1
6415522,0.06415522,1
6454177,0.06454177,3
6492784,0.06492784,2
6586675,0.06586675,2
6625016,0.06625016,3
6782400,0.067824,1
6814409,0.06814409,1
6817740,0.0681774,1
6894826,0.06894826,2
6896020,0.0689602,2
6908448,0.06908448,1
6944298,0.06944298,1
6950221,0.06950221,1
6992235,0.06992235000000001,2
7027773,0.07027773,1
7134872,0.07134872,4
7137376,0.07137376000000001,4
7179568,0.07179568,1
7181454,0.07181454,4
7182097,0.07182097,1
7203413,0.07203413,1
7227637,0.07227637,2
7232246,0.07232246,1
7259595,0.07259595,2
7275761,0.07275761,1
7359597,0.07359597,3
7395960,0.0739596,1
7400152,0.07400152,1
7406465,0.07406465,2
7459114,0.07459114,1
7512636,0.07512636,3
7516937,0.07516937,3
7555685,0.07555685,1
7564956,0.07564956,4
7632887,0.07632887000000001,4
7636101,0.07636101,1
7674328,0.07674328,3
7713760,0.0771376,1
7730913,0.07730913,1
7753157,0.07753157000000001,1
7820659,0.07820659,4
7921353,0.07921353,3
7939874,0.07939874,1
7981173,0.07981173,2
7995103,0.07995103,1
8003365,0.08003365,2
8038889,0.08038889,1
8078452,0.08078452,1
8114177,0.08114177,2
8120945,0.08120945,3
8224981,0.08224981,1
8261068,0.08261068,4
8275511,0.08275511,3
8291370,0.0829137,1
8330812,0.08330812,2
8357632,0.08357632,1
8368035,0.08368035,1
8371116,0.08371116,3
8380196,0.08380196000000001,3
8415250,0.0841525,1
8415269,0.08415269,3
8452680,0.0845268,1
8486567,0.08486567,3
8568457,0.08568457,4
8607393,0.08607393,1
8614999,0.08614999,3
8618705,0.08618705,3
8624796,0.08624796,2
8659373,0.08659373000000001,1
8670786,0.08670786,1
8675250,0.0867525,4
8675392,0.08675392,1
8699274,0.08699274,3
8725282,0.08725282000000001,1
8728142,0.08728142,1
8784169,0.08784169,1
8803725,0.08803725,3
8899265,0.08899265,1
8966969,0.08966969,1
8999993,0.08999993,4
9054103,0.09054103000000001,1
9218883,0.09218883,2
9257854,0.09257854,3
9269928,0.09269928,3
9285317,0.09285317,3
9303633,0.09303633,3
9307857,0.09307857,2
9408934,0.09408934000000001,1
9413214,0.09413214,1
9431179,0.09431179,4
9431415,0.09431415,4
9557599,0.09557599,3
9580119,0.09580119000000001,2
9590865,0.09590865,1
9657522,0.09657522,3
9660465,0.09660465,1
9673568,0.09673568,2
9681054,0.09681054,3
9686352,0.09686352000000001,3
9741301,0.09741301000000001,2
9762193,0.09762193,1
9762760,0.09762760000000001,1
9769525,0.09769525,4
9776246,0.09776246,3
9779592,0.09779592000000001,1
9790350,0.0979035,1
9840727,0.09840727,2
9869936,0.09869936,1
9993577,0.09993577000000001,4
10045299,0.10045299,1
10069709,0.10069709,1
10093643,0.10093643000000001,4
10138199,0.10138199,4
10197064,0.10197064,1
10199870,0.1019987,3
10227405,0.10227405,2
10228092,0.10228092,1
10228780,0.1022878,1
10242636,0.10242636000000001,1
10290980,0.1029098,2
10364575,0.10364575000000001,2
10382318,0.10382318,1
10422544,0.10422544,3
10541728,0.10541728,1
10607592,0.10607592,2
10614739,0.10614739000000001,4
10665128,0.10665128,2
10673111,0.10673111,1
10680631,0.10680631,2
10684134,0.10684134,2
10814515,0.10814515,2
10824937,0.10824937,1
10837911,0.10837911,1
10856428,0.10856428,3
10861929,0.10861929000000001,2
10863983,0.10863983,1
10863999,0.10863999,1
10866143,0.10866143,1
10871451,0.10871451,2
11106949,0.11106949,2
11182761,0.11182761000000001,1
11209472,0.11209472000000001,1
11251324,0.11251324,1
11275128,0.11275128000000001,4
11284387,0.11284387,2
11289324,0.11289324,2
11307307,0.11307307,3
11321984,0.11321984,1
11338958,0.11338958,3
11365760,0.1136576,1
11379079,0.11379079,3
11395218,0.11395218,1
11448423,0.11448423,1
11562453,0.11562453,2
11649291,0.11649291,1
11829508,0.11829508,2
11862078,0.11862078000000001,1
11867899,0.11867899,3
11879535,0.11879535000000001,1
11891410,0.11891410000000001,3
11931313,0.11931313,1
12049715,0.12049715,2
12051917,0.12051917000000001,1
12074976,0.12074976,2
12075681,0.12075681,1
12154417,0.12154417,2
12176984,0.12176984,1
12193828,0.12193828,1
12237604,0.12237604,1
12308668,0.12308668,1
12317780,0.1231778,3
12329650,0.1232965,1
12358585,0.12358585,1
12358880,0.1235888,1
12375209,0.12375209000000001,1
12376830,0.1237683,1
12389554,0.12389554,4
12409121,0.12409121000000001,1
12497835,0.12497835,1
12539186,0.12539186,1
12571199,0.12571199,1
12581624,0.12581624,2
12597236,0.12597236,1
12655188,0.12655188,3
12677019,0.12677019,1
12735589,0.12735589,2
12749851,0.12749851,1
12762912,0.12762912,4
12811493,0.12811493000000002,1
12813698,0.12813698,2
12824877,0.12824877,1
12837796,0.12837796,3
12842405,0.12842405,4
12858854,0.12858854,1
12900135,0.12900135000000001,3
12921069,0.12921069,3
12987410,0.1298741,3
12988895,0.12988895,3
13008477,0.13008477000000002,1
13017049,0.13017049,1
13018403,0.13018403,1
13030172,0.13030172,2
13053938,0.13053938,2
13054716,0.13054716,3
13095417,0.13095417,1
13194988,0.13194988,1
13196062,0.13196062,1
13251875,0.13251875,2
13263890,0.1326389,1
13267859,0.13267859,2
13321646,0.13321646,3
13329159,0.13329159000000002,2
13346234,0.13346234,1
13360043,0.13360043,1
13431842,0.13431842,4
13437742,0.13437742,1
13450681,0.13450681,1
13474253,0.13474253,1
13487260,0.1348726,1
13510748,0.13510748,1
13528405,0.13528405,2
13611150,0.1361115,1
13693838,0.13693838,1
13704812,0.13704812,3
13707629,0.13707629,1
13746004,0.13746004,2
13747660,0.1374766,3
13764731,0.13764731,1
13782224,0.13782224,1
13801123,0.13801123,1
13838633,0.13838633,3
13842341,0.13842341,3
13853362,0.13853362,1
13925461,0.13925461,4
13942836,0.13942836,1
14008682,0.14008682,4
14019560,0.1401956,2
14021213,0.14021213,4
14033556,0.14033556,1
14035414,0.14035414000000002,1
14076764,0.14076764,1
14096989,0.14096989000000001,2
14103924,0.14103924,2
14110321,0.14110321,1
14112370,0.1411237,3
14126036,0.14126036,3
14126508,0.14126508000000002,2
14133806,0.14133806000000002,2
14190214,0.14190214,1
14203118,0.14203118,2
14423356,0.14423356,1
14449776,0.14449776,4
14458154,0.14458154,1
14465147,0.14465147,1
14532339,0.14532339,4
14541125,0.14541125,1
14548406,0.14548406,1
14563163,0.14563163,1
14581849,0.14581849,1
14606141,0.14606141,2
14684924,0.14684924,2
14702615,0.14702615,3
14709410,0.1470941,1
14709586,0.14709586,1
14767207,0.14767207000000002,1
14808456,0.14808456,4
14835804,0.14835804,3
14839709,0.14839709,2
14857561,0.14857561,3
14876594,0.14876594,1
14937136,0.14937136,1
15009229,0.15009229,1
15010071,0.15010071,1
15012268,0.15012268,1
15023840,0.1502384,1
15044297,0.15044297,1
15071950,0.1507195,2
15115553,0.15115553,1
15158089,0.15158089,1
15184925,0.15184925,1
15208589,0.15208589,4
15219383,0.15219383,1
15227137,0.15227137000000002,2
15304309,0.15304309,1
15346069,0.15346069,2
15348159,0.15348159,2
15380608,0.15380608,2
15442838,0.15442838,1
15489523,0.15489523,1
15502093,0.15502093,1
15567960,0.1556796,2
15586709,0.15586709,3
15587952,0.15587952,2
15659068,0.15659068,1
15726106,0.15726106,1
15779070,0.1577907,1
15825392,0.15825392,1
15838310,0.1583831,2
15845008,0.15845008,3
15849206,0.15849206,1
15854056,0.15854056,1
15862969,0.15862969,2
15882199,0.15882199,1
15889862,0.15889862,4
15901539,0.15901539,4
15909164,0.15909164,1
15928709,0.15928709,1
15932209,0.15932209,4
15989033,0.15989033,1
16050905,0.16050905000000001,1
16291235,0.16291235,2
16338647,0.16338647,1
16353267,0.16353267,1
16379839,0.16379839000000002,1
16385404,0.16385404,1
16408478,0.16408478,4
16422948,0.16422948,1
16444762,0.16444762000000002,4
16455841,0.16455841000000002,4
16468742,0.16468742,4
16630839,0.16630839,2
16674967,0.16674967000000002,2
16676151,0.16676151,2
16683791,0.16683791,1
16784618,0.16784618,3
16786019,0.16786019,2
16928951,0.16928951,1
16930307,0.16930307,2
16935345,0.16935345000000002,1
17035352,0.17035352,1
17044555,0.17044555,1
17046909,0.17046909,1
17057394,0.17057394,3
17097490,0.1709749,1
17137647,0.17137647,1
17137791,0.17137791,1
17178802,0.17178802,3
17213615,0.17213615000000002,2
17214082,0.17214082,2
17220467,0.17220467,2
17263989,0.17263989,3
17277814,0.17277814,1
17395858,0.17395858,1
17440653,0.17440653,3
17452238,0.17452238,1
17471423,0.17471423,2
17515212,0.17515212,3
17541828,0.17541828,2
17578567,0.17578567,2
17606153,0.17606153,2
17611140,0.1761114,2
17615339,0.17615339,2
17615538,0.17615538,3
17628485,0.17628485,3
17628747,0.17628747,3
17711057,0.17711057,1
17719761,0.17719761,1
17750840,0.1775084,4
17757431,0.17757431,1
17791066,0.17791066,1
17828328,0.17828328000000002,1
17854260,0.1785426,1
17983333,0.17983333,1
18036575,0.18036575,1
18055965,0.18055965000000002,3
18117806,0.18117806,1
18118090,0.1811809,1
18136705,0.18136705,1
18141605,0.18141605,1
18161504,0.18161504,1
18180742,0.18180742,1
18215666,0.18215666,1
18246074,0.18246074,1
18318781,0.18318781,1
18407449,0.18407449,2
18448250,0.1844825,3
18529384,0.18529384000000002,3
18541609,0.18541609,2
18603769,0.18603769,2
18636749,0.18636749,4
18662916,0.18662916000000002,3
18698850,0.1869885,1
18717009,0.18717009,2
18750922,0.18750922,1
18784367,0.18784367,1
18829146,0.18829146,1
18834818,0.18834818,1
18867664,0.18867664,3
18917762,0.18917762,3
18922831,0.18922831,3
18987662,0.18987662,3
19018668,0.19018668,3
19028981,0.19028981,1
19089535,0.19089535,1
19089575,0.19089575,4
19110470,0.19110470000000002,1
19222355,0.19222355,3
19233532,0.19233532,1
19260891,0.19260891,3
19267827,0.19267827,1
19303109,0.19303109000000002,1
19409062,0.19409062,3
19498492,0.19498492,1
19503421,0.19503421,2
19528050,0.1952805,1
19528641,0.19528641,1
19588782,0.19588782,1
19597379,0.19597379,3
19641661,0.19641661,4
19657510,0.1965751,2
19748111,0.19748111000000002,4
19783128,0.19783128,2
19790390,0.1979039,1
19864930,0.1986493,1
19865597,0.19865597000000002,2
20023258,0.20023258,1
20092377,0.20092377,2
20101381,0.20101381000000001,3
20123761,0.20123761,3
20243514,0.20243514,3
20248667,0.20248667,1
20319343,0.20319343,2
20319442,0.20319442000000001,2
20320957,0.20320957,1
20330764,0.20330764,1
20407229,0.20407229000000002,1
20413883,0.20413883,3
20427357,0.20427357000000002,1
20430881,0.20430881,4
20483947,0.20483947,2
20500033,0.20500033,4
20500378,0.20500378,1
20507676,0.20507676,1
20508039,0.20508039,1
20563961,0.20563961,3
20564588,0.20564588,3
20578591,0.20578591000000002,2
20635676,0.20635676,2
20641507,0.20641507,2
20719659,0.20719659,1
20720817,0.20720817,2
20724428,0.20724428,1
20730421,0.20730421000000002,1
20777344,0.20777344,1
20779373,0.20779373,1
20800379,0.20800379,1
20841294,0.20841294,1
20845745,0.20845745000000002,2
20866399,0.20866399,1
20878529,0.20878529,1
20897722,0.20897722,1
20911875,0.20911875,1
20948797,0.20948797,4
20951183,0.20951183,1
20983400,0.209834,4
20986956,0.20986956,1
20992725,0.20992725,1
21007767,0.21007767,4
21020353,0.21020353,3
21043937,0.21043937000000001,1
21063664,0.21063664,1
21084035,0.21084035,1
21088301,0.21088301,1
21114082,0.21114082,3
21115074,0.21115074,1
21138280,0.2113828,1
21154371,0.21154371,1
21205983,0.21205983,1
21230578,0.21230578,4
21231038,0.21231038,2
21248455,0.21248455,1
21285511,0.21285511000000001,2
21306566,0.21306566000000002,2
21355205,0.21355205,1
21437881,0.21437881,1
21453375,0.21453375,2
21470347,0.21470347,1
21496598,0.21496598,1
21556487,0.21556487,1
21599846,0.21599846,1
21616669,0.21616669,3
21682370,0.2168237,2
21708342,0.21708342,2
21720703,0.21720703,4
21751672,0.21751672,4
21817809,0.21817809,1
21823776,0.21823776,1
21855827,0.21855827,1
21859422,0.21859422,4
21866160,0.2186616,1
21906048,0.21906048,1
21906519,0.21906519,1
21971660,0.2197166,1
21972411,0.21972411,1
21981528,0.21981528,1
22022574,0.22022574,4
22035701,0.22035701,1
22063631,0.22063631,1
22066950,0.22066950000000002,1
22089433,0.22089433,1
22094556,0.22094556,1
22172543,0.22172543,2
22177397,0.22177397000000001,1
22224939,0.22224939,1
22255153,0.22255153,2
22258845,0.22258845,1
22274648,0.22274648,3
22292410,0.22292410000000001,1
22306421,0.22306421,4
22309721,0.22309721000000002,4
22312869,0.22312869000000002,1
22427105,0.22427105,2
22428160,0.2242816,4
22536036,0.22536036,3
22537480,0.22537480000000001,2
22581776,0.22581776,3
22602675,0.22602675,1
22606114,0.22606114,1
22636800,0.226368,1
22647472,0.22647472000000002,1
22684451,0.22684451,1
22695872,0.22695872,2
22701177,0.22701177,4
22704460,0.2270446,1
22805442,0.22805442,1
22812896,0.22812896,1
22835711,0.22835711,1
22850111,0.22850111,4
22870154,0.22870154,1
22917901,0.22917901000000002,4
22927661,0.22927661,2
22963975,0.22963975,1
23008918,0.23008918,2
23015810,0.2301581,3
23019099,0.23019099,2
23024497,0.23024497,4
23053356,0.23053356,2
23099961,0.23099961,1
23211271,0.23211271,2
23250998,0.23250998,4
23267584,0.23267584,1
23275942,0.23275942,1
23280047,0.23280047,1
23356263,0.23356263,1
23379572,0.23379572,1
23394870,0.2339487,1
23441795,0.23441795,1
23505173,0.23505173000000001,3
23513404,0.23513404000000002,4
23527741,0.23527741,1
23543351,0.23543351,2
23572218,0.23572218,3
23637396,0.23637396,4
23657216,0.23657216,1
23685601,0.23685601,2
23693330,0.2369333,2
23701032,0.23701032,1
23712247,0.23712247,1
23718357,0.23718357,3
23718533,0.23718533,1
23913831,0.23913831,1
23921136,0.23921136,1
23958407,0.23958407,3
24022224,0.24022224,4
24085039,0.24085039,2
24115851,0.24115851,1
24172697,0.24172697,1
24228483,0.24228483,3
24277212,0.24277212,1
24283956,0.24283956,1
24290124,0.24290124000000002,2
24294990,0.2429499,1
24297251,0.24297251,1
24343756,0.24343756,1
24404180,0.2440418,3
24410947,0.24410947,1
24415591,0.24415591,3
24501270,0.2450127,2
24585113,0.24585113,1
24589270,0.2458927,1
24595350,0.2459535,1
24623318,0.24623318,1
24714886,0.24714886,1
24715090,0.2471509,1
24715352,0.24715352000000002,1
24757758,0.24757758,4
24780751,0.24780751,1
24781600,0.247816,1
24788286,0.24788286,2
24803075,0.24803075,1
24847128,0.24847128000000002,2
24868446,0.24868446,1
24869456,0.24869456,1
24909656,0.24909656,1
24928365,0.24928365,1
24950375,0.24950375,4
24972832,0.24972832,1
25020355,0.25020355,2
25040616,0.25040616,3
25065494,0.25065494,1
25065622,0.25065622,1
25099543,0.25099543,2
25127993,0.25127993,2
25129895,0.25129895,3
25133126,0.25133126,2
25142579,0.25142579,3
25160269,0.25160269,1
25201479,0.25201479,1
25212217,0.25212217,2
25256882,0.25256882,1
25292629,0.25292629,2
25301147,0.25301147,1
25333831,0.25333831,4
25361537,0.25361537,3
25389612,0.25389612,1
25392642,0.25392642,3
25393533,0.25393533,2
25401538,0.25401538,1
25419189,0.25419189000000003,2
25445587,0.25445587000000003,1
25450469,0.25450469,3
25464697,0.25464697000000003,1
25480820,0.2548082,2
25483705,0.25483705,3
25518591,0.25518591,1
25534102,0.25534102000000003,1
25554709,0.25554709000000003,3
25563771,0.25563771,2
25568923,0.25568923,3
25600885,0.25600885,2
25611341,0.25611341,1
25662846,0.25662846,2
25671298,0.25671298,2
25673998,0.25673998,1
25679673,0.25679673000000003,1
25680863,0.25680863,4
25707125,0.25707125000000003,1
25710833,0.25710833,1
25729648,0.25729648,2
25748489,0.25748489,1
25752438,0.25752438,2
25773539,0.25773539,1
25776203,0.25776203000000003,1
25817539,0.25817539,1
25833323,0.25833323,1
25833658,0.25833658,3
25869206,0.25869206,1
25881466,0.25881466000000003,1
25915714,0.25915714,2
25967885,0.25967885,1
25968757,0.25968757,1
25975462,0.25975462,1
26008035,0.26008035,4
26136546,0.26136546,1
26138075,0.26138075,1
26163185,0.26163185,1
26166778,0.26166778,1
26270034,0.26270034000000003,4
26324883,0.26324883,3
26353966,0.26353966,2
26362444,0.26362444,1
26383548,0.26383548,1
26385624,0.26385624,1
26408832,0.26408832,4
26432349,0.26432349,1
26470296,0.26470296,2
26477199,0.26477199,4
26529382,0.26529382,4
26534640,0.2653464,4
26535910,0.2653591,1
26557940,0.2655794,2
26573209,0.26573209000000003,2
26617706,0.26617706,1
26682098,0.26682098,3
26691160,0.2669116,1
26767675,0.26767675,2
26819979,0.26819979,1
26870296,0.26870296,1
26883147,0.26883147,1
26883941,0.26883941,2
26884038,0.26884038,1
26901414,0.26901414,3
26970648,0.26970648,4
27021336,0.27021336,2
27022692,0.27022692,1
27022826,0.27022826,1
27056091,0.27056091,3
27094022,0.27094022,1
27100662,0.27100662000000003,2
27206004,0.27206004,1
27223367,0.27223367,1
27233762,0.27233762,3
27278236,0.27278236,3
27302341,0.27302341,2
27325204,0.27325204000000003,3
27329650,0.2732965,1
27351734,0.27351734,1
27377617,0.27377617,1
27458087,0.27458087000000003,1
27463869,0.27463869,1
27490371,0.27490371,2
27513206,0.27513206,2
27514713,0.27514713,2
27552694,0.27552694,1
27571214,0.27571214,4
27587937,0.27587937,1
27624575,0.27624575,2
27631716,0.27631716,1
27637742,0.27637742,4
27641185,0.27641185,3
27673065,0.27673065,2
27706178,0.27706178,3
27724071,0.27724071,2
27725450,0.2772545,2
27793594,0.27793594,3
27827460,0.2782746,3
27887225,0.27887225,2
27905299,0.27905299,3
27988836,0.27988836,1
28104681,0.28104681,1
28139035,0.28139035,4
28164229,0.28164229,1
28167015,0.28167015,4
28174775,0.28174775,1
28221111,0.28221111,3
28226425,0.28226425,4
28227318,0.28227318,1
28260619,0.28260619,2
28358441,0.28358441,3
28373738,0.28373738,2
28380072,0.28380072,2
28491835,0.28491835,1
28511319,0.28511319,2
28563850,0.2856385,3
28592008,0.28592008,1
28659691,0.28659691,3
28660621,0.28660621000000003,1
28661107,0.28661107,1
28688173,0.28688173,3
28726650,0.2872665,1
28739010,0.2873901,2
28802090,0.2880209,1
28802105,0.28802105,1
28814795,0.28814795,1
28875063,0.28875063,1
28875782,0.28875782,3
28901588,0.28901588,1
28927435,0.28927435,1
29029990,0.2902999,3
29077951,0.29077951,2
29082497,0.29082497,3
29087908,0.29087908,1
29090840,0.2909084,1
29092661,0.29092661000000003,2
29112646,0.29112646000000003,2
29151492,0.29151492,1
29177534,0.29177534,1
29227214,0.29227214,4
29242822,0.29242822,3
29258235,0.29258235,2
29293176,0.29293176,3
29316447,0.29316447,1
29318560,0.2931856,4
29319404,0.29319404,1
29324947,0.29324947,1
29339290,0.2933929,1
29391675,0.29391675,1
29402751,0.29402751,1
29419524,0.29419524,1
29446140,0.2944614,2
29458379,0.29458379,1
29468243,0.29468243,1
29487726,0.29487726000000003,4
29508488,0.29508488,1
29521331,0.29521331,1
29537701,0.29537701,4
29555260,0.2955526,2
29576192,0.29576192,2
29594501,0.29594501,2
29597597,0.29597597000000003,3
29627737,0.29627737,2
29632028,0.29632028,1
29638150,0.2963815,1
29638435,0.29638435,4
29687849,0.29687849,2
29688823,0.29688823000000003,2
29738151,0.29738151,1
29759225,0.29759225,1
29879899,0.29879899,1
29893306,0.29893306000000003,1
29925191,0.29925191,1
29926621,0.29926621000000003,1
29946765,0.29946765000000003,1
30105850,0.3010585,2
30156857,0.30156857,2
30158801,0.30158801,1
30171893,0.30171893,1
30242224,0.30242224,2
30265127,0.30265127000000003,3
30269332,0.30269332,3
30382130,0.3038213,1
30413963,0.30413963,1
30422334,0.30422334,1
30466208,0.30466208,2
30519970,0.3051997,1
30530811,0.30530811,3
30618994,0.30618994,1
30647088,0.30647088,4
30704171,0.30704171,1
30865578,0.30865578,2
30877721,0.30877721,1
30879288,0.30879288,3
30898173,0.30898173,2
31014121,0.31014121,1
31027533,0.31027533,4
31264823,0.31264823,2
31266403,0.31266403,3
31312145,0.31312145,3
31324474,0.31324474,2
31350562,0.31350562,1
31363140,0.3136314,2
31405323,0.31405323,1
31523120,0.3152312,1
31580718,0.31580718,1
31650047,0.31650047000000003,1
31653632,0.31653632,1
31656325,0.31656325,1
31669722,0.31669722,3
31701464,0.31701464,1
31722603,0.31722603,1
31729746,0.31729746000000003,2
31745948,0.31745948,1
31763143,0.31763143,1
31783415,0.31783415,1
31793944,0.31793944,4
31807834,0.31807834,1
31810145,0.31810145,1
31820992,0.31820992,3
31921910,0.31921910000000003,1
32033491,0.32033491000000003,1
32087682,0.32087682,3
32091093,0.32091093,1
32110114,0.32110114,4
32130355,0.32130355,3
32151043,0.32151043,2
32171288,0.32171288000000003,1
32179388,0.32179388000000003,4
32183010,0.3218301,4
32187127,0.32187127,2
32226603,0.32226603,3
32262315,0.32262315,4
32285324,0.32285324,1
32334537,0.32334537,2
32368354,0.32368354,2
32370638,0.32370638,2
32468786,0.32468786,3
32499073,0.32499073,2
32785838,0.32785838,1
32797327,0.32797327,2
33027156,0.33027156,3
33029063,0.33029063000000003,2
33075787,0.33075787,1
33101146,0.33101146,1
33104615,0.33104615,1
33146623,0.33146623000000003,1
33174428,0.33174428,2
33219583,0.33219583,4
33223110,0.3322311,3
33263294,0.33263294,2
33266583,0.33266583,1
33328725,0.33328725,1
33377798,0.33377798000000003,1
33452981,0.33452981,3
33502667,0.33502667,1
33549331,0.33549331,1
33570266,0.33570266,3
33592071,0.33592071,1
33649097,0.33649097,4
33650541,0.33650541,4
33673073,0.33673073000000003,1
33831743,0.33831743000000003,1
33863184,0.33863184,2
33876481,0.33876481,3
33878688,0.33878688,3
33899364,0.33899364,1
33949196,0.33949196,2
33976264,0.33976264,1
33990871,0.33990871,3
33999722,0.33999722,1
34058049,0.34058049,1
34112799,0.34112799,1
34145124,0.34145124,2
34224270,0.3422427,1
34240619,0.34240619,1
34479175,0.34479175,2
34574780,0.3457478,1
34588302,0.34588302,1
34596617,0.34596617,2
34597837,0.34597837,2
34603172,0.34603172,1
34669857,0.34669857,3
34691028,0.34691028,1
34931993,0.34931993,1
34933873,0.34933873,1
34970650,0.34970650000000003,1
35016747,0.35016747,1
35020801,0.35020801,2
35065011,0.35065011,1
35102472,0.35102472,3
35127754,0.35127754,4
35172788,0.35172788,2
35221084,0.35221084,2
35237625,0.35237625,2
35258355,0.35258355,4
35281891,0.35281891,4
35296387,0.35296387,2
35325172,0.35325172,1
35379003,0.35379003000000003,1
35448449,0.35448449,1
35471716,0.35471716000000003,4
35524711,0.35524711000000003,3
35600210,0.3560021,1
35602415,0.35602415,1
35605557,0.35605557,4
35683609,0.35683609,3
35767547,0.35767547,1
35858659,0.35858659,1
35898573,0.35898573,4
35936369,0.35936369,1
35939304,0.35939304,1
35996132,0.35996132000000003,1
36009677,0.36009677,1
36013386,0.36013386000000003,2
36019802,0.36019802,2
36037248,0.36037248,1
36037791,0.36037791,1
36039341,0.36039341,1
36075452,0.36075452,2
36097077,0.36097077,3
36104120,0.3610412,1
36111140,0.3611114,1
36119168,0.36119168,1
36132404,0.36132404,4
36154805,0.36154805,1
36196510,0.3619651,1
36199145,0.36199145,1
36210721,0.36210721,1
36238226,0.36238226,1
36281056,0.36281056,2
36292585,0.36292585,2
36305688,0.36305688,1
36320832,0.36320832000000003,4
36403481,0.36403481,1
36451357,0.36451357,1
36472942,0.36472942,2
36485899,0.36485899,2
36504910,0.3650491,1
36540482,0.36540482,1
36592696,0.36592696,3
36593808,0.36593808,2
36593842,0.36593842,2
36595132,0.36595132,2
36670588,0.36670588,1
36681538,0.36681538,4
36683650,0.3668365,1
36714349,0.36714349,1
36759035,0.36759035,1
36769711,0.36769711,4
36790204,0.36790204,3
36830087,0.36830087,1
36856854,0.36856854,2
36888545,0.36888545,1
36892205,0.36892205,3
36903063,0.36903063,1
37022596,0.37022596,1
37029995,0.37029995,2
37030506,0.37030506,2
37084442,0.37084442,1
37094213,0.37094213,1
37094864,0.37094864,2
37121784,0.37121784,1
37122344,0.37122344,2
37125481,0.37125481,4
37188986,0.37188986,1
37255895,0.37255895,2
37267253,0.37267253,1
37292008,0.37292008,1
37352472,0.37352472000000003,1
37374354,0.37374354,1
37418086,0.37418086,3
37460085,0.37460085,3
37476861,0.37476861,1
37508059,0.37508059,1
37509610,0.3750961,1
37712899,0.37712899,3
37716851,0.37716851,1
37821202,0.37821202,2
37821401,0.37821401,1
37839832,0.37839832,1
37855982,0.37855982,1
37864405,0.37864405,1
37873633,0.37873633,1
37874327,0.37874327,1
37885404,0.37885404,1
37890867,0.37890867,4
37898034,0.37898034,1
37919499,0.37919499,1
37971071,0.37971071,1
37976402,0.37976402000000004,4
37977682,0.37977682,1
37997225,0.37997225,4
38036929,0.38036929,3
38046853,0.38046853,1
38048175,0.38048175,3
38116866,0.38116866,2
38157772,0.38157772,1
38163750,0.3816375,2
38173670,0.3817367,2
38180007,0.38180007,2
38184561,0.38184561,3
38260834,0.38260834,1
38345142,0.38345142,1
38347513,0.38347513,4
38348616,0.38348616,1
38372700,0.383727,2
38380401,0.38380401000000003,4
38395065,0.38395065,3
38528799,0.38528799,1
38641205,0.38641205,1
38807252,0.38807252000000003,1
38863750,0.3886375,4
38906227,0.38906227,3
38907522,0.38907522,2
38941641,0.38941641,2
39053344,0.39053344,1
39082829,0.39082829,1
39144665,0.39144665,2
39222036,0.39222036,4
39256275,0.39256275,2
39266537,0.39266537,2
39270026,0.39270026,1
39277775,0.39277775,2
39282019,0.39282019,1
39309655,0.39309655,3
39325579,0.39325579,1
39330936,0.39330936,2
39340507,0.39340507,1
39349339,0.39349339,4
39369595,0.39369595,1
39414942,0.39414942000000003,1
39419956,0.39419956,1
39439575,0.39439575,1
39454460,0.3945446,2
39585676,0.39585676000000003,3
39607227,0.39607227,4
39619015,0.39619015,2
39623161,0.39623161,1
39627840,0.39627840000000003,1
39680721,0.39680721,2
39685971,0.39685971000000003,3
39747308,0.39747308000000003,1
39750059,0.39750059,4
39795657,0.39795657,1
39831873,0.39831873,4
39850383,0.39850383,2
39856671,0.39856671,4
39901587,0.39901587,1
39927716,0.39927716,1
39954411,0.39954411,1
39957936,0.39957936,1
39959300,0.39959300000000003,1
40000751,0.40000751,1
40008008,0.40008008,1
40206535,0.40206535,1
40226741,0.40226741,1
40232655,0.40232655,3
40243681,0.40243681000000003,1
40263981,0.40263981,3
40295342,0.40295342,4
40333261,0.40333261000000004,3
40340885,0.40340885,1
40445210,0.4044521,2
40446973,0.40446973,2
40454070,0.40454070000000003,1
40454762,0.40454762,3
40486289,0.40486289000000003,3
40525174,0.40525174,1
40527039,0.40527039000000004,2
40537959,0.40537959,1
40554455,0.40554455,3
40593717,0.40593717,1
40603370,0.4060337,1
40641290,0.4064129,1
40658637,0.40658637000000003,1
40749517,0.40749517,2
40749579,0.40749579,2
40756479,0.40756479,1
40862712,0.40862712,2
40871890,0.4087189,1
40881318,0.40881318,1
40891749,0.40891749,1
40894528,0.40894528,2
40912047,0.40912047,3
40957039,0.40957039,3
41012281,0.41012281,1
41087325,0.41087325,1
41089554,0.41089554,3
41094593,0.41094593,1
41098510,0.4109851,3
41188406,0.41188406,1
41220317,0.41220317,4
41231492,0.41231492000000003,3
41243513,0.41243513,1
41249373,0.41249373,1
41254412,0.41254412,1
41363933,0.41363933,1
41399188,0.41399188000000003,1
41407563,0.41407563000000003,4
41599591,0.41599591,1
41647403,0.41647403,1
41727436,0.41727436,2
41759900,0.417599,1
41762758,0.41762758,1
41829520,0.41829520000000003,3
41831283,0.41831283,1
41849012,0.41849012,1
41862564,0.41862564,2
41863732,0.41863732000000003,3
41870577,0.41870577000000003,3
41912827,0.41912827,2
41948240,0.41948240000000003,1
41953808,0.41953808000000004,1
41954230,0.41954230000000003,1
41961313,0.41961313,3
41968522,0.41968522,4
41983704,0.41983704,1
41995049,0.41995049,4
42046698,0.42046698,1
42055312,0.42055312,4
42061865,0.42061865,1
42066444,0.42066444000000003,1
42079598,0.42079598,1
42096244,0.42096244,1
42166976,0.42166976,1
42181687,0.42181687,1
42251729,0.42251729,4
42253980,0.4225398,1
42273798,0.42273798,1
42282517,0.42282517000000003,1
42306695,0.42306695,1
42368059,0.42368059,2
42372512,0.42372512,1
42400551,0.42400551000000003,1
42416897,0.42416897000000003,1
42471800,0.424718,1
42480141,0.42480141,1
42521782,0.42521782,2
42549425,0.42549425,1
42565009,0.42565009000000004,1
42592274,0.42592274,2
42657459,0.42657459000000003,2
42733789,0.42733789,2
42773076,0.42773076,1
42788423,0.42788423000000003,3
42804048,0.42804048,3
42871269,0.42871269,1
42873759,0.42873759,2
42888400,0.428884,1
42961487,0.42961487,2
42970078,0.42970078,3
42970112,0.42970112,3
43167225,0.43167225000000004,1
43171316,0.43171316,2
43177422,0.43177422,3
43183015,0.43183015,1
43183799,0.43183799,1
43227052,0.43227052,1
43283612,0.43283612,4
43341962,0.43341962,1
43380643,0.43380643,3
43419659,0.43419659,1
43462819,0.43462819,1
43493116,0.43493116,1
43506088,0.43506088,2
43571973,0.43571973,2
43628624,0.43628624,1
43639069,0.43639069,1
43650261,0.43650261,1
43687310,0.4368731,4
43709210,0.4370921,2
43728998,0.43728998,1
43782068,0.43782068,4
43787566,0.43787566,2
43794008,0.43794008,1
43845570,0.4384557,4
43850209,0.43850209,3
43858691,0.43858691,1
44071879,0.44071879,2
44075376,0.44075376,4
44076550,0.44076550000000003,1
44078305,0.44078305,4
44177458,0.44177458000000003,1
44184845,0.44184845,1
44247868,0.44247868,1
44260395,0.44260395,1
44268473,0.44268473,3
44394169,0.44394169,1
44403916,0.44403916,2
44411439,0.44411439,2
44415549,0.44415549,2
44424390,0.4442439,1
44430727,0.44430727000000003,3
44470622,0.44470622,1
44503445,0.44503445,1
44505168,0.44505168,2
44566017,0.44566017,2
44622968,0.44622968,3
44660973,0.44660973,3
44675190,0.44675190000000004,2
44698452,0.44698452,2
44758358,0.44758358000000004,1
44818874,0.44818874000000003,3
44836348,0.44836348000000004,1
44885173,0.44885173,1
44901661,0.44901661,3
44946327,0.44946327,1
44950680,0.4495068,1
44982788,0.44982788,1
44996363,0.44996363,2
45071658,0.45071658000000003,2
45090720,0.4509072,1
45161426,0.45161426,3
45191750,0.4519175,1
45213781,0.45213781000000003,1
45214355,0.45214355,3
45225515,0.45225515,1
45226377,0.45226377,1
45279494,0.45279494000000003,1
45308174,0.45308174,1
45333588,0.45333588,4
45407472,0.45407472,3
45548737,0.45548737,1
45576694,0.45576694,2
45606559,0.45606559,1
45629049,0.45629049,1
45729715,0.45729715,4
45768196,0.45768196,1
45818290,0.4581829,2
45838488,0.45838488,1
45869373,0.45869373,4
45914569,0.45914569,1
45985481,0.45985481,2
46003363,0.46003363,2
46025743,0.46025743,3
46035628,0.46035628,1
46093610,0.4609361,2
46154176,0.46154176,3
46159541,0.46159541,1
46164887,0.46164887,1
46180680,0.4618068,1
46214853,0.46214853,1
46304703,0.46304703,1
46337096,0.46337096,4
46348328,0.46348328,4
46452066,0.46452066000000003,1
46477750,0.4647775,1
46535092,0.46535092,1
46549846,0.46549846,1
46561989,0.46561989000000004,1
46632121,0.46632121,1
46668922,0.46668922,1
46713418,0.46713418,4
46773191,0.46773191000000003,1
46846996,0.46846996,1
46891049,0.46891049,2
46894621,0.46894621000000003,1
46910683,0.46910683000000003,1
46931791,0.46931791,1
46937654,0.46937654,3
46969227,0.46969227,1
47106090,0.4710609,1
47232851,0.47232851000000003,1
47243767,0.47243767000000003,1
47252157,0.47252157,1
47259294,0.47259294,1
47288280,0.4728828,1
47330707,0.47330707,1
47369339,0.47369339,3
47370512,0.47370512000000004,1
47407159,0.47407159,2
47413198,0.47413198,1
47432593,0.47432593,4
47517052,0.47517052,1
47606262,0.47606262,1
47611990,0.4761199,4
47619311,0.47619311000000003,1
47774764,0.47774764000000003,2
47822827,0.47822827,3
47850494,0.47850494,2
47862928,0.47862928,2
47888014,0.47888014,3
47943171,0.47943171,3
47953622,0.47953622,1
47971336,0.47971336000000003,2
48009930,0.4800993,1
48020965,0.48020965,1
48083512,0.48083512,3
48110636,0.48110636,1
48119315,0.48119315,1
48161406,0.48161406,4
48200730,0.4820073,4
48202156,0.48202156,1
48211365,0.48211365,1
48217151,0.48217151,1
48232982,0.48232982,4
48240153,0.48240153,1
48282744,0.48282744,1
48344559,0.48344559000000004,2
48374316,0.48374316,1
48378642,0.48378642,1
48410878,0.48410878,1
48429871,0.48429871,2
48444004,0.48444004,3
48446117,0.48446117,2
48450368,0.48450368,3
48505332,0.48505332,2
48518057,0.48518057000000003,1
48525682,0.48525682000000003,1
48568119,0.48568119,1
48588549,0.48588549000000003,1
48616057,0.48616057,1
48669440,0.4866944,3
48679903,0.48679903,2
48703952,0.48703952,3
48739792,0.48739792,4
48761663,0.48761663,2
48795587,0.48795587,2
48816670,0.4881667,1
48847155,0.48847155000000003,1
48857076,0.48857076,4
48907197,0.48907197,2
48932574,0.48932574,4
48946567,0.48946567,1
49084252,0.49084252,1
49100532,0.49100532,3
49174721,0.49174721,1
49210869,0.49210869,1
49216363,0.49216363,3
49254412,0.49254412000000003,1
49254669,0.49254669,1
49262105,0.49262105,1
49310188,0.49310188,4
49344026,0.49344026,2
49374451,0.49374451,3
49467123,0.49467123,1
49486040,0.49486040000000003,1
49659862,0.49659862,1
49738622,0.49738622,2
49758733,0.49758733,1
49764922,0.49764922,2
49794568,0.49794568,3
49797249,0.49797249,2
49849377,0.49849377,4
49866153,0.49866153,1
49962327,0.49962327,2
50021614,0.50021614,2
50032051,0.50032051,3
50085849,0.50085849,2
50096133,0.50096133,2
50127703,0.50127703,1
50211278,0.50211278,1
50216377,0.50216377,1
50247811,0.50247811,3
50255797,0.50255797,1
50274405,0.50274405,2
50283744,0.50283744,1
50285220,0.5028522,1
50301334,0.50301334,1
50332583,0.50332583,1
50359919,0.50359919,1
50379822,0.50379822,1
50429735,0.50429735,1
50431543,0.50431543,1
50448662,0.50448662,1
50474209,0.50474209,4
50541725,0.50541725,3
50552204,0.50552204,3
50560393,0.50560393,2
50647910,0.5064791,1
50734700,0.507347,1
50750478,0.50750478,1
50786758,0.50786758,3
50823855,0.50823855,2
50897034,0.50897034,2
50917919,0.50917919,1
50961843,0.50961843,1
51018002,0.51018002,1
51077911,0.51077911,3
51106867,0.51106867,4
51119093,0.51119093,3
51131189,0.51131189,4
51288621,0.51288621,4
51304571,0.51304571,1
51336381,0.51336381,2
51344387,0.51344387,4
51370079,0.51370079,1
51409012,0.51409012,3
51442811,0.51442811,1
51490561,0.51490561,1
51630147,0.51630147,1
51724472,0.51724472,3
51748335,0.51748335,3
51762027,0.51762027,1
51792818,0.51792818,2
51804067,0.51804067,3
51810281,0.51810281,3
51820845,0.51820845,2
51841406,0.51841406,1
51847531,0.51847531,1
51896796,0.51896796,2
51902723,0.5190272300000001,3
51914128,0.51914128,4
52018758,0.52018758,2
52049347,0.52049347,2
52083189,0.52083189,1
52096556,0.52096556,2
52110771,0.52110771,3
52170372,0.52170372,4
52186942,0.52186942,1
52231966,0.52231966,1
52232888,0.52232888,3
52235817,0.5223581700000001,2
52253666,0.52253666,3
52257582,0.52257582,1
52265445,0.52265445,1
52281681,0.52281681,3
52340848,0.5234084800000001,2
52366837,0.52366837,1
52370037,0.52370037,1
52391767,0.52391767,1
52419275,0.52419275,3
52436698,0.52436698,1
52450729,0.52450729,1
52527069,0.52527069,1
52531970,0.5253197000000001,2
52550503,0.52550503,2
52554607,0.52554607,1
52556940,0.5255694,2
52591519,0.52591519,1
52977392,0.52977392,1
53126589,0.53126589,1
53140618,0.5314061800000001,1
53148776,0.53148776,2
53170314,0.53170314,2
53173618,0.53173618,1
53245706,0.53245706,4
53291254,0.53291254,1
53297617,0.53297617,1
53446339,0.53446339,1
53474743,0.53474743,1
53480345,0.53480345,1
53493292,0.53493292,1
53518379,0.53518379,2
53550202,0.53550202,1
53551830,0.5355183,1
53567510,0.5356751,1
53579485,0.53579485,3
53579883,0.5357988300000001,2
53587155,0.53587155,2
53623707,0.53623707,4
53671688,0.5367168800000001,2
53690531,0.53690531,2
53703840,0.5370384,2
53720839,0.53720839,2
53750405,0.53750405,3
53776496,0.53776496,2
53809865,0.53809865,1
53821424,0.5382142400000001,2
53822162,0.53822162,1
53949602,0.53949602,1
54001492,0.5400149200000001,1
54057404,0.54057404,2
54097789,0.54097789,4
54139689,0.54139689,1
54178999,0.54178999,1
54193681,0.54193681,1
54206461,0.5420646100000001,1
54220289,0.54220289,2
54231913,0.54231913,1
54240243,0.54240243,1
54341278,0.54341278,1
54371264,0.54371264,2
54373110,0.5437311,1
54414602,0.54414602,2
54428190,0.5442819,1
54430331,0.54430331,1
54438796,0.54438796,1
54444582,0.54444582,2
54481204,0.54481204,2
54538087,0.54538087,3
54538434,0.54538434,1
54620163,0.54620163,4
54638879,0.54638879,4
54644558,0.54644558,1
54675472,0.54675472,1
54693342,0.54693342,4
54760044,0.54760044,2
54781165,0.54781165,1
54787941,0.5478794100000001,2
54808154,0.54808154,1
54829983,0.54829983,3
54848419,0.54848419,1
54854930,0.5485493,4
54890453,0.5489045300000001,1
54906219,0.54906219,1
54936399,0.54936399,1
54960543,0.5496054300000001,1
54998990,0.5499899,1
55037450,0.5503745,2
55060399,0.55060399,1
55064784,0.55064784,1
55086126,0.55086126,1
55105586,0.5510558600000001,1
55114727,0.55114727,4
55168073,0.5516807300000001,1
55214427,0.55214427,1
55235494,0.55235494,4
55241205,0.55241205,1
55279980,0.5527998000000001,3
55284143,0.55284143,2
55307503,0.55307503,4
55311684,0.55311684,4
55320774,0.5532077400000001,4
55333788,0.5533378800000001,2
55359553,0.5535955300000001,1
55360692,0.55360692,1
55362361,0.55362361,1
55379527,0.5537952700000001,1
55400509,0.55400509,3
55425911,0.55425911,3
55448136,0.55448136,3
55455991,0.55455991,2
55470208,0.55470208,1
55517083,0.55517083,3
55526317,0.55526317,1
55536512,0.55536512,1
55572327,0.55572327,2
55584204,0.55584204,1
55638323,0.55638323,4
55671328,0.55671328,2
55697730,0.5569773,1
55727258,0.55727258,2
55745228,0.55745228,2
55773143,0.55773143,2
55798712,0.5579871200000001,1
55847256,0.55847256,2
55891741,0.5589174100000001,3
55898436,0.55898436,1
55971319,0.55971319,4
56021948,0.56021948,4
56043666,0.56043666,1
56086241,0.56086241,2
56203289,0.56203289,4
56258858,0.56258858,1
56313816,0.56313816,2
56341909,0.56341909,3
56347895,0.56347895,4
56429993,0.56429993,2
56498396,0.5649839600000001,1
56506484,0.56506484,3
56537939,0.56537939,2
56598965,0.56598965,4
56600958,0.56600958,4
56637628,0.5663762800000001,2
56637697,0.56637697,1
56663453,0.56663453,1
56677582,0.56677582,2
56842978,0.56842978,4
56866796,0.56866796,1
56868700,0.568687,2
56901725,0.56901725,1
56919091,0.56919091,1
56952337,0.56952337,1
56976721,0.56976721,1
57105296,0.57105296,2
57116052,0.5711605200000001,2
57125602,0.57125602,1
57137318,0.57137318,2
57194184,0.57194184,2
57239759,0.57239759,1
57272007,0.57272007,1
57490658,0.5749065800000001,1
57552747,0.57552747,1
57555910,0.5755591,1
57566416,0.57566416,1
57567283,0.57567283,4
57653320,0.5765332,3
57688608,0.57688608,1
57698259,0.57698259,2
57703795,0.57703795,4
57752957,0.57752957,2
57814121,0.57814121,3
57841627,0.5784162700000001,1
57868156,0.57868156,1
57912865,0.57912865,3
57974678,0.57974678,2
58029485,0.58029485,2
58055210,0.5805521,2
58076925,0.58076925,2
58090146,0.58090146,3
58106476,0.58106476,2
58117295,0.58117295,3
58122832,0.58122832,1
58230472,0.58230472,4
58262443,0.58262443,1
58312433,0.58312433,1
58312533,0.58312533,1
58327453,0.58327453,4
58369354,0.5836935400000001,1
58447481,0.58447481,2
58468941,0.58468941,1
58491117,0.58491117,4
58497994,0.58497994,1
58533367,0.58533367,3
58541007,0.58541007,2
58555215,0.58555215,1
58570725,0.58570725,3
58682307,0.58682307,1
58691256,0.58691256,2
58699684,0.58699684,1
58736478,0.58736478,1
58791362,0.58791362,2
58793722,0.58793722,3
58811906,0.58811906,1
58991032,0.58991032,1
58996955,0.5899695500000001,1
59039167,0.59039167,1
59047292,0.5904729200000001,1
59103742,0.59103742,1
59119652,0.59119652,1
59128258,0.59128258,1
59138433,0.59138433,1
59151025,0.59151025,3
59162381,0.59162381,1
59177548,0.59177548,1
59192724,0.59192724,4
59202479,0.59202479,1
59266776,0.59266776,2
59276556,0.59276556,1
59355483,0.59355483,1
59360660,0.5936066,1
59397062,0.59397062,1
59406589,0.59406589,2
59413475,0.59413475,2
59427772,0.59427772,2
59492334,0.59492334,4
59577055,0.59577055,1
59608340,0.5960834,2
59785923,0.59785923,1
59903400,0.5990340000000001,3
59914504,0.59914504,3
59946404,0.59946404,1
59970234,0.59970234,1
60029663,0.60029663,1
60123875,0.60123875,4
60134898,0.60134898,3
60166125,0.60166125,1
60214399,0.60214399,1
60295684,0.60295684,4
60297411,0.60297411,4
60311829,0.6031182900000001,2
60350960,0.6035096,1
60458329,0.60458329,3
60534549,0.60534549,1
60544111,0.60544111,1
60563989,0.60563989,2
60572837,0.60572837,1
60614142,0.60614142,2
60650595,0.60650595,1
60655245,0.60655245,1
60658480,0.6065848,4
60660410,0.6066041,1
60669754,0.60669754,2
60763928,0.60763928,1
60865647,0.60865647,3
60901126,0.60901126,1
60927249,0.60927249,1
60933345,0.60933345,1
60948017,0.60948017,2
60966704,0.60966704,2
60975431,0.60975431,3
61015634,0.61015634,1
61030439,0.61030439,4
61062721,0.61062721,2
61072162,0.61072162,3
61148857,0.61148857,1
61187863,0.61187863,1
61225702,0.61225702,2
61226154,0.61226154,1
61246791,0.61246791,2
61368121,0.61368121,2
61371520,0.6137152,2
61389912,0.61389912,1
61396597,0.61396597,1
61421128,0.61421128,2
61450046,0.61450046,2
61488061,0.61488061,3
61508106,0.6150810600000001,3
61536699,0.6153669900000001,1
61554283,0.61554283,1
61571424,0.61571424,1
61575394,0.61575394,3
61589490,0.6158949,2
61619661,0.61619661,1
61645149,0.61645149,2
61683883,0.6168388300000001,1
61730769,0.61730769,1
61781247,0.6178124700000001,2
61805094,0.61805094,1
61830104,0.61830104,1
61840357,0.61840357,3
61867645,0.61867645,3
61868529,0.61868529,3
61871654,0.61871654,3
61879514,0.61879514,4
62063433,0.62063433,2
62078136,0.6207813600000001,4
62157223,0.6215722300000001,1
62242279,0.62242279,1
62288580,0.6228858,3
62316176,0.62316176,1
62339406,0.62339406,3
62483336,0.62483336,4
62503422,0.62503422,4
62555279,0.62555279,3
62604290,0.6260429,3
62704876,0.62704876,1
62735503,0.62735503,1
62753510,0.6275351,2
62761557,0.62761557,4
62764621,0.62764621,1
62791157,0.62791157,4
62833115,0.6283311500000001,1
62851737,0.62851737,2
62886248,0.62886248,1
62904146,0.62904146,1
62940069,0.62940069,1
62945924,0.62945924,1
62987005,0.62987005,2
63011599,0.63011599,1
63053750,0.6305375,2
63087465,0.63087465,2
63093313,0.6309331300000001,2
63117110,0.6311711,2
63147588,0.63147588,2
63170368,0.63170368,4
63171486,0.63171486,1
63269227,0.6326922700000001,2
63283142,0.63283142,2
63315201,0.63315201,1
63334798,0.63334798,2
63420488,0.63420488,1
63438463,0.63438463,2
63449607,0.63449607,1
63451092,0.63451092,1
63469634,0.63469634,2
63490432,0.63490432,1
63599835,0.63599835,1
63682130,0.6368213,1
63696954,0.6369695400000001,2
63820665,0.63820665,3
63829424,0.63829424,1
63920597,0.63920597,1
63922135,0.63922135,1
63993406,0.63993406,4
64119352,0.64119352,1
64193588,0.64193588,3
64194225,0.64194225,4
64231850,0.6423185,1
64246153,0.6424615300000001,1
64246177,0.64246177,1
64302691,0.64302691,1
64357900,0.643579,1
64479773,0.6447977300000001,1
64521029,0.64521029,3
64544245,0.64544245,1
64563021,0.64563021,1
64569240,0.6456924,2
64591275,0.64591275,1
64610907,0.6461090700000001,2
64635841,0.64635841,1
64685168,0.64685168,1
64687639,0.64687639,1
64693381,0.64693381,2
64735942,0.64735942,3
64813874,0.64813874,4
64837341,0.64837341,1
64847062,0.64847062,1
64874546,0.64874546,3
64876045,0.64876045,4
64886391,0.64886391,1
64895773,0.64895773,1
64906189,0.64906189,1
64919820,0.6491982000000001,1
64987828,0.64987828,1
65028881,0.65028881,2
65030016,0.65030016,2
65098426,0.65098426,2
65107433,0.65107433,1
65111501,0.65111501,4
65189314,0.65189314,1
65273083,0.65273083,3
65337392,0.65337392,1
65353110,0.6535311,3
65363251,0.65363251,2
65366498,0.6536649800000001,1
65470647,0.65470647,1
65523967,0.65523967,2
65626312,0.65626312,1
65636076,0.65636076,1
65693981,0.65693981,3
65694674,0.65694674,4
65748158,0.65748158,3
65754701,0.65754701,3
65761134,0.65761134,1
65773567,0.65773567,4
65783110,0.6578311,4
65792315,0.65792315,1
65840404,0.65840404,1
65844456,0.6584445600000001,1
65867080,0.6586708,1
65868261,0.6586826100000001,4
65913550,0.6591355,1
65917037,0.65917037,1
65920117,0.65920117,1
65930693,0.6593069300000001,4
65939041,0.65939041,1
65976403,0.6597640300000001,1
65986940,0.6598694,1
65992219,0.65992219,1
66000933,0.6600093300000001,1
66005453,0.66005453,2
66036336,0.6603633600000001,3
66049273,0.66049273,2
66065728,0.66065728,1
66070533,0.66070533,3
66084834,0.66084834,1
66111261,0.66111261,2
66191141,0.66191141,1
66254975,0.66254975,1
66270129,0.66270129,2
66277582,0.66277582,2
66280786,0.66280786,2
66308503,0.66308503,2
66324090,0.6632409,1
66409048,0.66409048,4
66411155,0.66411155,1
66521702,0.66521702,4
66521769,0.66521769,4
66526276,0.6652627600000001,1
66559497,0.66559497,1
66587972,0.6658797200000001,1
66616216,0.6661621600000001,3
66618488,0.66618488,3
66652835,0.66652835,1
66689101,0.6668910100000001,1
66722576,0.66722576,1
66746926,0.6674692600000001,1
66775894,0.66775894,2
66845091,0.66845091,3
66879564,0.66879564,1
66879646,0.66879646,1
66896814,0.66896814,2
66898407,0.66898407,1
66915356,0.66915356,2
66920525,0.66920525,3
66930667,0.66930667,4
66932825,0.6693282500000001,1
66944572,0.66944572,2
66982251,0.66982251,1
66985782,0.66985782,1
67126514,0.67126514,1
67134969,0.67134969,3
67155766,0.6715576600000001,3
67203352,0.67203352,1
67222236,0.67222236,1
67244411,0.67244411,2
67280078,0.67280078,1
67311090,0.6731109000000001,3
67314090,0.6731409,1
67400439,0.67400439,2
67483835,0.67483835,1
67485675,0.67485675,3
67495109,0.67495109,1
67540928,0.67540928,3
67551278,0.67551278,1
67604434,0.67604434,1
67636205,0.67636205,1
67639553,0.67639553,1
67694777,0.6769477700000001,3
67761287,0.67761287,1
67790197,0.67790197,4
67795532,0.67795532,1
67807480,0.6780748,2
67845586,0.67845586,1
67885068,0.67885068,3
67947599,0.67947599,1
67963786,0.67963786,1
68005879,0.68005879,1
68007429,0.68007429,2
68022124,0.6802212400000001,1
68046751,0.68046751,1
68062003,0.68062003,1
68093779,0.68093779,4
68095713,0.68095713,1
68114134,0.68114134,1
68123321,0.68123321,1
68151975,0.68151975,2
68176448,0.68176448,4
68249701,0.68249701,3
68255117,0.68255117,2
68263654,0.6826365400000001,1
68272299,0.68272299,2
68281540,0.6828154,2
68282393,0.68282393,2
68282903,0.6828290300000001,2
68335875,0.68335875,3
68439351,0.68439351,3
68441469,0.68441469,1
68447083,0.68447083,1
68469196,0.68469196,1
68511467,0.68511467,1
68691772,0.6869177200000001,1
68759075,0.68759075,1
68944310,0.6894431,1
68953027,0.68953027,1
68956946,0.68956946,1
68957950,0.6895795,1
68989286,0.68989286,1
69058103,0.69058103,2
69099889,0.69099889,1
69278857,0.69278857,1
69286165,0.69286165,2
69290651,0.69290651,3
69386929,0.69386929,2
69412386,0.69412386,2
69414748,0.69414748,1
69525856,0.69525856,1
69529845,0.69529845,2
69532943,0.69532943,2
69576140,0.6957614,1
69635760,0.6963576,4
69642680,0.6964268,1
69648140,0.6964814,4
69668976,0.69668976,4
69687717,0.69687717,2
69750811,0.69750811,1
69764456,0.69764456,1
69787905,0.6978790500000001,1
69805854,0.69805854,1
69828354,0.69828354,3
69848167,0.69848167,2
69883231,0.69883231,1
69985666,0.69985666,1
70003567,0.70003567,4
70022601,0.7002260100000001,2
70100281,0.70100281,1
70145264,0.70145264,1
70292422,0.70292422,1
70298197,0.7029819700000001,3
70313427,0.7031342700000001,2
70328583,0.70328583,4
70341528,0.70341528,4
70374245,0.70374245,1
70376750,0.7037675,3
70411699,0.70411699,1
70412815,0.7041281500000001,4
70480799,0.70480799,3
70483767,0.70483767,3
70529605,0.7052960500000001,3
70555638,0.70555638,1
70576434,0.70576434,1
70578611,0.70578611,1
70584923,0.70584923,4
70608618,0.70608618,1
70706978,0.70706978,3
70707442,0.70707442,1
70720000,0.7072,2
70730050,0.7073005,1
70733395,0.70733395,1
70738414,0.70738414,1
70752211,0.70752211,1
70776995,0.70776995,4
70827214,0.70827214,1
70831084,0.70831084,3
70835831,0.70835831,3
70843342,0.70843342,2
70868647,0.7086864700000001,1
70898330,0.7089833,1
70921806,0.70921806,2
70957641,0.70957641,4
70959296,0.70959296,4
70959419,0.70959419,4
70977210,0.7097721,2
71027288,0.71027288,1
71047920,0.7104792,1
71061816,0.71061816,2
71112986,0.71112986,1
71115199,0.7111519900000001,3
71149437,0.71149437,1
71175116,0.71175116,1
71189355,0.71189355,2
71195215,0.71195215,1
71199323,0.71199323,1
71223211,0.71223211,1
71253275,0.71253275,1
71264108,0.71264108,1
71285777,0.7128577700000001,3
71295170,0.7129517,1
71354895,0.71354895,4
71399251,0.71399251,1
71409727,0.71409727,1
71420496,0.71420496,3
71476780,0.7147678000000001,2
71529482,0.71529482,3
71536250,0.7153625,3
71579454,0.71579454,4
71618705,0.71618705,3
71699762,0.71699762,1
71710214,0.71710214,4
71711158,0.71711158,4
71711863,0.71711863,1
71763031,0.71763031,3
71863614,0.71863614,2
71970992,0.71970992,3
71997920,0.7199792,2
71999875,0.71999875,3
72067875,0.72067875,1
72076964,0.72076964,1
72096035,0.72096035,1
72128313,0.72128313,2
72148664,0.7214866400000001,1
72160925,0.72160925,2
72198749,0.7219874900000001,1
72202680,0.7220268,4
72208237,0.72208237,1
72214415,0.72214415,2
72219380,0.7221938,3
72284404,0.72284404,1
72285605,0.72285605,1
72330822,0.7233082200000001,4
72335362,0.72335362,4
72345381,0.72345381,3
72383603,0.72383603,1
72386300,0.723863,2
72397868,0.72397868,1
72400449,0.72400449,3
72451063,0.72451063,3
72481871,0.72481871,1
72564622,0.72564622,4
72606495,0.72606495,2
72658599,0.72658599,2
72665351,0.72665351,1
72674885,0.72674885,2
72711877,0.72711877,1
72788287,0.7278828700000001,1
72899380,0.7289938,1
72924068,0.72924068,1
72933065,0.72933065,2
72943625,0.72943625,2
72971812,0.72971812,4
73029106,0.73029106,1
73031663,0.73031663,3
73046507,0.73046507,1
73058068,0.73058068,4
73070322,0.73070322,1
73075448,0.73075448,1
73114212,0.73114212,1
73165375,0.73165375,1
73170314,0.73170314,3
73176021,0.73176021,1
73192353,0.73192353,4
73197170,0.7319717,4
73259053,0.73259053,1
73309342,0.73309342,4
73338762,0.73338762,1
73353136,0.73353136,3
73362622,0.73362622,3
73383875,0.73383875,2
73393970,0.7339397,1
73484214,0.73484214,2
73494269,0.73494269,1
73532201,0.73532201,4
73534011,0.73534011,1
73577213,0.73577213,3
73618915,0.7361891500000001,3
73646024,0.73646024,1
73652371,0.73652371,1
73653115,0.73653115,2
73666404,0.73666404,2
73670374,0.73670374,4
73670470,0.7367047,1
73671758,0.73671758,1
73703413,0.7370341300000001,1
73761363,0.73761363,4
73778604,0.73778604,2
73794430,0.7379443,2
73813664,0.73813664,1
73828450,0.7382845,2
73847226,0.73847226,2
73866452,0.73866452,2
73925154,0.73925154,2
73936714,0.73936714,1
74008842,0.74008842,1
74014699,0.7401469900000001,2
74021433,0.74021433,1
74030223,0.7403022300000001,1
74031046,0.74031046,1
74038411,0.74038411,3
74059837,0.7405983700000001,1
74087019,0.74087019,4
74114420,0.7411442,1
74121231,0.74121231,3
74133040,0.7413304000000001,1
74146879,0.74146879,3
74273193,0.74273193,2
74294439,0.74294439,1
74332867,0.74332867,1
74361787,0.74361787,1
74381787,0.74381787,2
74432317,0.74432317,1
74507580,0.7450758000000001,4
74527565,0.7452756500000001,1
74550008,0.74550008,2
74581505,0.74581505,4
74665061,0.74665061,3
74674114,0.74674114,1
74738236,0.74738236,3
74768989,0.74768989,2
74797908,0.74797908,1
74803144,0.74803144,4
74815551,0.74815551,2
74823093,0.74823093,2
74825840,0.7482584,3
74837313,0.74837313,2
74912896,0.7491289600000001,1
74999795,0.74999795,3
75114409,0.75114409,2
75116252,0.7511625200000001,2
75118186,0.75118186,1
75171035,0.75171035,2
75191581,0.75191581,2
75221588,0.7522158800000001,1
75222390,0.7522239000000001,4
75267919,0.75267919,3
75311358,0.7531135800000001,1
75342140,0.7534214,2
75382815,0.75382815,3
75448920,0.7544892,2
75450662,0.75450662,1
75451364,0.75451364,1
75454465,0.75454465,1
75471216,0.75471216,3
75479530,0.7547953000000001,2
75500232,0.75500232,1
75526923,0.75526923,2
75564670,0.7556467,1
75599564,0.75599564,3
75613403,0.75613403,3
75626868,0.75626868,2
75650943,0.75650943,1
75664892,0.7566489200000001,4
75667466,0.75667466,1
75709651,0.75709651,3
75725197,0.75725197,1
75733488,0.75733488,2
75774662,0.75774662,3
75798833,0.75798833,1
75824608,0.75824608,1
75844736,0.75844736,1
75845080,0.7584508,1
75846850,0.7584685,1
75963747,0.75963747,2
75989344,0.75989344,2
76012036,0.76012036,2
76068124,0.76068124,1
76073228,0.76073228,1
76086754,0.76086754,2
76090487,0.7609048700000001,1
76143493,0.7614349300000001,1
76228664,0.76228664,1
76244396,0.76244396,4
76254949,0.76254949,1
76319198,0.76319198,1
76322560,0.7632256000000001,4
76370696,0.76370696,1
76376595,0.76376595,1
76376933,0.76376933,1
76381465,0.76381465,3
76428890,0.7642889,2
76454924,0.76454924,3
76500188,0.76500188,3
76532136,0.7653213600000001,1
76654722,0.76654722,1
76745245,0.7674524500000001,2
76779749,0.76779749,1
76797680,0.7679768,1
76804765,0.76804765,1
76814360,0.7681436,1
76820039,0.7682003900000001,4
76967201,0.76967201,2
77057261,0.77057261,2
77091345,0.77091345,2
77097443,0.77097443,1
77134551,0.7713455100000001,1
77198178,0.7719817800000001,2
77334765,0.77334765,2
77335588,0.77335588,2
77344514,0.77344514,3
77368699,0.77368699,1
77408855,0.77408855,3
77444601,0.77444601,4
77446899,0.77446899,4
77449803,0.7744980300000001,4
77453795,0.77453795,1
77474732,0.77474732,2
77479483,0.77479483,2
77480933,0.77480933,1
77507664,0.77507664,1
77555445,0.77555445,2
77557165,0.7755716500000001,2
77692888,0.77692888,1
77712805,0.7771280500000001,3
77736919,0.77736919,1
77812833,0.77812833,1
77841519,0.77841519,2
77852988,0.77852988,1
77981692,0.77981692,1
77981719,0.77981719,1
77989073,0.77989073,1
78009608,0.78009608,1
78013666,0.78013666,1
78046440,0.7804644000000001,1
78055260,0.7805526,1
78059286,0.78059286,1
78065177,0.78065177,2
78065638,0.78065638,1
78106352,0.78106352,1
78132285,0.78132285,1
78145359,0.78145359,1
78172637,0.78172637,1
78202748,0.78202748,1
78220355,0.78220355,1
78256502,0.7825650200000001,4
78266821,0.78266821,1
78291423,0.78291423,1
78362573,0.78362573,1
78391446,0.78391446,4
78402361,0.78402361,1
78413728,0.78413728,1
78419565,0.78419565,1
78431977,0.78431977,2
78443138,0.78443138,1
78449438,0.78449438,3
78450383,0.78450383,1
78504551,0.78504551,1
78521741,0.78521741,1
78537166,0.78537166,3
78656820,0.7865682,1
78680639,0.78680639,2
78684726,0.78684726,2
78730989,0.7873098900000001,1
78752580,0.7875258,1
78763830,0.7876383,1
78891239,0.78891239,1
78897561,0.78897561,4
78912060,0.7891206000000001,1
79040108,0.79040108,1
79079700,0.790797,2
79093760,0.7909376,2
79094726,0.79094726,1
79107615,0.79107615,3
79197193,0.79197193,1
79315819,0.79315819,3
79461122,0.7946112200000001,3
79482294,0.79482294,2
79502960,0.7950296,2
79535103,0.7953510300000001,1
79555437,0.7955543700000001,1
79595634,0.79595634,3
79626387,0.79626387,3
79630248,0.79630248,2
79650042,0.79650042,3
79662751,0.79662751,1
79667940,0.7966794,1
79680138,0.79680138,1
79681284,0.79681284,1
79684336,0.79684336,2
79685719,0.79685719,1
79689262,0.79689262,4
79707892,0.79707892,3
79731986,0.79731986,1
79758638,0.79758638,1
79766345,0.79766345,3
79780090,0.7978009,3
79856738,0.79856738,1
79915093,0.79915093,3
79940384,0.79940384,3
80059473,0.80059473,2
80082366,0.80082366,1
80132137,0.80132137,1
80209896,0.80209896,1
80284029,0.80284029,1
80287924,0.80287924,1
80290605,0.80290605,1
80295851,0.8029585100000001,1
80343596,0.8034359600000001,2
80371686,0.80371686,2
80384241,0.80384241,1
80390523,0.80390523,1
80390818,0.80390818,1
80506472,0.8050647200000001,2
80517769,0.8051776900000001,1
80526160,0.8052616,1
80531011,0.80531011,4
80577788,0.8057778800000001,1
80591598,0.80591598,1
80610499,0.80610499,4
80617872,0.80617872,1
80777022,0.80777022,3
80786870,0.8078687,3
80788185,0.80788185,3
80809503,0.80809503,1
80815226,0.8081522600000001,1
80878926,0.8087892600000001,1
80899230,0.8089923,1
80937032,0.80937032,4
80961100,0.809611,1
80966030,0.8096603,1
80982926,0.80982926,2
81001538,0.8100153800000001,1
81036385,0.81036385,1
81115654,0.81115654,1
81141944,0.81141944,4
81153834,0.81153834,1
81181566,0.81181566,1
81186501,0.81186501,2
81187970,0.8118797,3
81216888,0.81216888,1
81233180,0.8123318,1
81240855,0.81240855,1
81282570,0.8128257,3
81287395,0.8128739500000001,2
81322606,0.81322606,1
81325012,0.81325012,1
81335799,0.81335799,1
81342305,0.81342305,2
81344388,0.81344388,1
81374444,0.81374444,3
81402288,0.81402288,1
81426103,0.81426103,1
81434003,0.81434003,1
81457509,0.8145750900000001,1
81526671,0.8152667100000001,4
81526677,0.81526677,1
81574393,0.81574393,1
81612518,0.81612518,4
81632513,0.8163251300000001,1
81633325,0.81633325,1
81652218,0.81652218,1
81653820,0.8165382,1
81723152,0.81723152,2
81816772,0.81816772,2
81826910,0.8182691,1
81845113,0.81845113,4
81877906,0.81877906,2
81880560,0.8188056,3
82004613,0.82004613,3
82036756,0.82036756,4
82081999,0.82081999,1
82158301,0.82158301,1
82176053,0.82176053,3
82178781,0.82178781,1
82181646,0.82181646,1
82191588,0.82191588,1
82209271,0.8220927100000001,1
82220362,0.82220362,1
82260117,0.82260117,2
82321532,0.82321532,1
82354197,0.8235419700000001,1
82374293,0.82374293,1
82387756,0.82387756,1
82413118,0.82413118,1
82477775,0.82477775,3
82479929,0.82479929,1
82487132,0.82487132,2
82492383,0.82492383,1
82545167,0.82545167,3
82547486,0.82547486,1
82548023,0.82548023,4
82583793,0.82583793,2
82660924,0.82660924,1
82689672,0.82689672,1
82710129,0.82710129,1
82728645,0.82728645,3
82736257,0.82736257,1
82773788,0.82773788,1
82774467,0.8277446700000001,1
82867548,0.82867548,1
82871803,0.82871803,4
82881837,0.82881837,1
82902835,0.82902835,2
82915555,0.82915555,1
82956356,0.82956356,1
83001533,0.83001533,2
83012440,0.8301244,1
83013917,0.83013917,1
83055025,0.83055025,1
83071533,0.83071533,2
83104192,0.83104192,1
83106610,0.8310661,1
83184849,0.83184849,4
83227091,0.83227091,1
83287489,0.83287489,1
83294115,0.83294115,2
83294191,0.8329419100000001,2
83313566,0.8331356600000001,1
83326074,0.83326074,3
83330179,0.83330179,1
83334241,0.83334241,1
83354597,0.83354597,4
83494599,0.83494599,1
83520494,0.83520494,1
83530295,0.83530295,1
83535466,0.83535466,1
83557388,0.83557388,4
83579634,0.83579634,3
83625233,0.83625233,4
83635545,0.83635545,1
83637092,0.83637092,4
83653290,0.8365329,3
83670253,0.83670253,1
83686717,0.83686717,2
83712913,0.83712913,2
83768558,0.83768558,1
83810418,0.83810418,1
83874016,0.8387401600000001,4
83893406,0.83893406,2
83894884,0.83894884,2
83943549,0.8394354900000001,3
83989299,0.8398929900000001,1
83999650,0.8399965,2
84015983,0.84015983,4
84030747,0.8403074700000001,3
84125127,0.84125127,2
84190660,0.8419066000000001,3
84245158,0.84245158,3
84261336,0.84261336,1
84315564,0.84315564,2
84324605,0.84324605,2
84345179,0.84345179,2
84391368,0.84391368,3
84421564,0.84421564,2
84429278,0.84429278,1
84438133,0.84438133,3
84500928,0.84500928,2
84508264,0.84508264,2
84513804,0.84513804,2
84516660,0.8451666,1
84527833,0.84527833,2
84567434,0.84567434,1
84593584,0.84593584,1
84600592,0.84600592,3
84625316,0.8462531600000001,1
84627323,0.84627323,1
84634925,0.84634925,1
84661544,0.84661544,1
84665165,0.84665165,2
84739455,0.84739455,2
84740783,0.84740783,2
84747826,0.84747826,1
84752680,0.8475268,2
84767740,0.8476774,2
84770580,0.8477058000000001,2
84785487,0.84785487,1
84813329,0.84813329,1
84837480,0.8483748,4
84893973,0.84893973,2
84911302,0.84911302,1
84911743,0.8491174300000001,3
84921231,0.84921231,1
84931844,0.84931844,1
85116399,0.85116399,1
85120953,0.85120953,2
85140111,0.8514011100000001,2
85144641,0.85144641,2
85148865,0.8514886500000001,2
85187566,0.85187566,1
85217911,0.85217911,2
85219723,0.85219723,3
85231618,0.85231618,1
85308706,0.85308706,1
85374771,0.85374771,1
85397142,0.85397142,4
85413195,0.85413195,1
85483260,0.8548326,1
85508336,0.8550833600000001,1
85649897,0.85649897,2
85652321,0.85652321,4
85659806,0.85659806,2
85709104,0.85709104,1
85726279,0.85726279,2
85729436,0.85729436,1
85750051,0.85750051,3
85821308,0.8582130800000001,2
85826646,0.8582664600000001,1
85832705,0.85832705,2
85861531,0.85861531,1
85912993,0.85912993,3
85928130,0.8592813,3
86108667,0.86108667,1
86125788,0.86125788,1
86206637,0.86206637,1
86252105,0.86252105,4
86295125,0.8629512500000001,1
86472021,0.86472021,3
86477538,0.86477538,1
86502971,0.8650297100000001,1
86523166,0.8652316600000001,4
86527281,0.86527281,2
86527895,0.86527895,4
86537382,0.8653738200000001,2
86623621,0.8662362100000001,1
86684946,0.8668494600000001,1
86725368,0.86725368,1
86726684,0.86726684,1
86733008,0.86733008,1
86744669,0.86744669,2
86745250,0.8674525000000001,3
86828272,0.8682827200000001,1
86979979,0.8697997900000001,2
87031441,0.87031441,4
87053958,0.87053958,1
87062665,0.8706266500000001,1
87075192,0.87075192,1
87093948,0.87093948,1
87102872,0.87102872,1
87107368,0.8710736800000001,1
87110771,0.87110771,3
87133648,0.87133648,1
87155456,0.87155456,1
87178679,0.87178679,1
87225385,0.87225385,3
87269833,0.87269833,1
87293445,0.87293445,4
87298668,0.87298668,1
87360751,0.87360751,3
87370033,0.87370033,2
87374013,0.8737401300000001,1
87378879,0.87378879,3
87385233,0.8738523300000001,1
87385413,0.87385413,2
87450852,0.87450852,2
87627574,0.87627574,1
87659000,0.87659,1
87661322,0.87661322,1
87690514,0.87690514,1
87748143,0.87748143,1
87769931,0.87769931,3
87814679,0.8781467900000001,2
87858044,0.87858044,3
87874157,0.87874157,1
87986560,0.8798656,3
88012153,0.88012153,1
88027135,0.88027135,2
88184536,0.88184536,2
88216637,0.88216637,3
88217463,0.8821746300000001,2
88217482,0.88217482,3
88282167,0.88282167,1
88286283,0.88286283,1
88288953,0.88288953,1
88298233,0.88298233,1
88327142,0.88327142,3
88336342,0.88336342,1
88353181,0.88353181,3
88426727,0.88426727,2
88540153,0.88540153,1
88542905,0.88542905,1
88628604,0.88628604,1
88640649,0.88640649,2
88673459,0.88673459,3
88697905,0.88697905,2
88738681,0.88738681,2
88744023,0.88744023,1
88744446,0.88744446,1
88758849,0.8875884900000001,1
88768733,0.88768733,1
88775370,0.8877537,1
88837237,0.88837237,1
88850586,0.88850586,4
88875790,0.8887579,1
88890328,0.8889032800000001,4
88896016,0.88896016,2
88944688,0.88944688,1
88973766,0.88973766,2
89009291,0.89009291,1
89027547,0.8902754700000001,1
89034266,0.8903426600000001,1
89057839,0.89057839,3
89060816,0.89060816,3
89072840,0.8907284,2
89100380,0.8910038,2
89119138,0.89119138,2
89143357,0.89143357,4
89178030,0.8917803,1
89183908,0.89183908,1
89187698,0.89187698,1
89189988,0.89189988,3
89248233,0.89248233,2
89262643,0.89262643,1
89265191,0.89265191,1
89300494,0.89300494,1
89376411,0.89376411,2
89463345,0.89463345,3
89472441,0.89472441,2
89499080,0.8949908,3
89505467,0.89505467,3
89506945,0.89506945,2
89531115,0.8953111500000001,3
89595954,0.89595954,2
89607751,0.89607751,3
89613417,0.8961341700000001,2
89617400,0.896174,3
89620929,0.89620929,3
89659440,0.8965944,1
89662424,0.8966242400000001,2
89745246,0.89745246,2
89754689,0.89754689,2
89759318,0.89759318,1
89846023,0.89846023,2
89891102,0.89891102,1
89914891,0.89914891,1
89935727,0.89935727,3
89951766,0.89951766,2
89964789,0.89964789,1
89980894,0.89980894,1
90004531,0.90004531,1
90005501,0.90005501,4
90018584,0.90018584,1
90024266,0.90024266,4
90029373,0.90029373,1
90054910,0.9005491,1
90080414,0.90080414,4
90091139,0.90091139,2
90104641,0.90104641,1
90107451,0.90107451,1
90124006,0.90124006,1
90203271,0.9020327100000001,2
90226686,0.90226686,1
90277758,0.90277758,1
90316599,0.90316599,2
90396216,0.9039621600000001,3
90396712,0.90396712,3
90448979,0.9044897900000001,1
90546006,0.90546006,1
90557006,0.9055700600000001,1
90568802,0.90568802,3
90644932,0.90644932,1
90696485,0.90696485,4
90721202,0.90721202,4
90741733,0.90741733,1
90800107,0.90800107,3
90805064,0.90805064,2
90818209,0.90818209,1
90826689,0.90826689,2
90860329,0.9086032900000001,1
90899139,0.9089913900000001,1
90996971,0.90996971,1
91014585,0.91014585,1
91061910,0.9106191,1
91068352,0.91068352,1
91080858,0.91080858,4
91132662,0.91132662,3
91174653,0.91174653,2
91177011,0.91177011,3
91181705,0.91181705,3
91208421,0.9120842100000001,3
91254130,0.9125413,1
91268112,0.91268112,1
91272445,0.91272445,2
91309938,0.91309938,3
91508280,0.9150828,3
91526671,0.91526671,1
91578640,0.9157864,2
91591663,0.91591663,1
91607217,0.9160721700000001,2
91662480,0.9166248,1
91701248,0.91701248,2
91733383,0.91733383,1
91774449,0.91774449,1
91805783,0.9180578300000001,1
91948878,0.91948878,1
91954378,0.91954378,2
91955849,0.91955849,2
91958201,0.9195820100000001,2
92039202,0.92039202,1
92106570,0.9210657,1
92119812,0.92119812,2
92167434,0.92167434,2
92172492,0.9217249200000001,1
92175702,0.92175702,1
92224978,0.92224978,4
92263560,0.9226356,1
92264451,0.92264451,1
92288121,0.92288121,2
92291652,0.92291652,2
92293830,0.9229383,2
92298348,0.92298348,2
92298930,0.9229893,2
92307189,0.92307189,1
92391540,0.9239154,1
92583964,0.9258396400000001,1
92644253,0.92644253,1
92647479,0.92647479,2
92675124,0.92675124,3
92676378,0.92676378,1
92702111,0.92702111,3
92733871,0.92733871,1
92752326,0.9275232600000001,3
92821473,0.92821473,3
92838607,0.9283860700000001,3
92854001,0.92854001,3
92914303,0.92914303,3
92940869,0.92940869,1
92953875,0.92953875,1
92967313,0.9296731300000001,1
92970790,0.9297079,1
92972560,0.9297256,2
93053560,0.9305356,1
93078652,0.9307865200000001,4
93119457,0.93119457,1
93146760,0.9314676000000001,2
93177013,0.93177013,4
93224630,0.9322463,1
93231329,0.9323132900000001,4
93326260,0.9332626,4
93454064,0.93454064,2
93486146,0.93486146,4
93535556,0.93535556,1
93562640,0.9356264,2
93591283,0.93591283,3
93642850,0.9364285,4
93648246,0.93648246,4
93655495,0.93655495,2
93664523,0.93664523,4
93681407,0.93681407,1
93687696,0.93687696,1
93826857,0.93826857,1
93854390,0.9385439,3
93996111,0.93996111,1
94038121,0.94038121,1
94063313,0.94063313,4
94079789,0.94079789,2
94141838,0.94141838,1
94151914,0.94151914,4
94152812,0.94152812,4
94175624,0.94175624,2
94188797,0.94188797,2
94191890,0.9419189,4
94220595,0.9422059500000001,1
94243311,0.9424331100000001,4
94254041,0.94254041,1
94263316,0.94263316,1
94276808,0.94276808,1
94282460,0.9428246,3
94283871,0.94283871,1
94374149,0.9437414900000001,2
94396089,0.94396089,3
94475641,0.94475641,1
94487292,0.94487292,2
94488249,0.94488249,1
94551808,0.94551808,1
94562382,0.94562382,3
94618638,0.94618638,1
94683455,0.94683455,1
94703987,0.94703987,1
94724550,0.9472455000000001,1
94750308,0.94750308,1
94788258,0.94788258,4
94811476,0.9481147600000001,1
94859440,0.9485944000000001,1
94910910,0.9491091,1
94930694,0.94930694,1
94943837,0.94943837,1
94944809,0.94944809,4
94953792,0.94953792,2
94965592,0.94965592,1
95019239,0.95019239,1
95028109,0.95028109,3
95041464,0.95041464,3
95064703,0.9506470300000001,1
95090675,0.95090675,1
95096830,0.9509683,1
95127447,0.95127447,1
95147615,0.95147615,1
95166072,0.95166072,2
95195354,0.95195354,2
95216611,0.9521661100000001,1
95221466,0.95221466,1
95266023,0.95266023,1
95287355,0.9528735500000001,2
95361241,0.95361241,1
95423646,0.9542364600000001,2
95433120,0.9543312,1
95550064,0.95550064,1
95606163,0.95606163,2
95645701,0.95645701,2
95654756,0.9565475600000001,4
95706675,0.95706675,3
95737101,0.95737101,3
95788150,0.9578815,1
95795147,0.95795147,2
95812568,0.95812568,3
95842166,0.9584216600000001,1
95843049,0.95843049,1
95850891,0.95850891,1
95865418,0.95865418,4
95898982,0.95898982,2
96021368,0.9602136800000001,1
96070867,0.96070867,1
96113243,0.96113243,1
96163715,0.96163715,1
96203882,0.9620388200000001,1
96341496,0.96341496,2
96386582,0.96386582,1
96493981,0.9649398100000001,2
96502737,0.96502737,2
96538697,0.9653869700000001,1
96592198,0.9659219800000001,2
96592757,0.9659275700000001,4
96619379,0.96619379,2
96640449,0.9664044900000001,3
96645678,0.96645678,1
96659240,0.9665924,2
96690721,0.96690721,1
96717783,0.96717783,1
96718011,0.96718011,4
96729076,0.96729076,3
96743395,0.96743395,2
96763093,0.96763093,2
96881183,0.96881183,3
96930958,0.96930958,2
96936526,0.96936526,2
96999756,0.96999756,1
97024990,0.9702499,2
97079185,0.97079185,1
97096939,0.97096939,1
97215510,0.9721551,1
97262546,0.97262546,1
97273177,0.97273177,1
97284384,0.97284384,1
97338193,0.9733819300000001,1
97391548,0.9739154800000001,1
97449159,0.9744915900000001,1
97450085,0.97450085,1
97462750,0.9746275,3
97497888,0.97497888,3
97523495,0.97523495,3
97529324,0.9752932400000001,4
97554661,0.97554661,1
97556342,0.9755634200000001,1
97561940,0.9756194,2
97580758,0.97580758,1
97604280,0.9760428,2
97617492,0.9761749200000001,4
97620269,0.97620269,1
97624665,0.97624665,1
97636052,0.9763605200000001,1
97669926,0.9766992600000001,2
97682742,0.97682742,3
97715632,0.97715632,1
97732398,0.97732398,2
97733481,0.97733481,3
97738549,0.97738549,3
97775370,0.9777537000000001,2
97783439,0.97783439,4
97786275,0.97786275,3
97791025,0.97791025,1
97799743,0.9779974300000001,1
97810556,0.97810556,1
97836843,0.9783684300000001,1
97867464,0.97867464,1
97944743,0.97944743,2
98070372,0.9807037200000001,2
98073204,0.98073204,4
98083082,0.98083082,1
98132843,0.98132843,1
98143109,0.9814310900000001,2
98168166,0.98168166,1
98202659,0.98202659,1
98295119,0.98295119,1
98335031,0.9833503100000001,2
98336169,0.9833616900000001,2
98358581,0.98358581,4
98358960,0.9835896000000001,2
98366443,0.98366443,2
98372012,0.98372012,3
98412988,0.98412988,1
98423666,0.98423666,1
98472835,0.98472835,4
98476188,0.98476188,1
98491788,0.98491788,1
98492269,0.98492269,1
98514711,0.98514711,1
98565977,0.98565977,1
98568170,0.9856817,1
98572855,0.98572855,2
98624187,0.9862418700000001,3
98630846,0.98630846,3
98693924,0.98693924,1
98803252,0.98803252,2
98840445,0.98840445,1
98869325,0.98869325,1
98873288,0.98873288,1
98876847,0.98876847,1
98887792,0.98887792,1
98937637,0.98937637,2
98989727,0.98989727,4
99013120,0.9901312,1
99055915,0.99055915,3
99057318,0.99057318,2
99112052,0.9911205200000001,1
99147397,0.99147397,1
99181736,0.99181736,4
99256947,0.9925694700000001,1
99263214,0.99263214,1
99297541,0.99297541,4
99367706,0.99367706,1
99392047,0.9939204700000001,3
99411624,0.99411624,3
99444502,0.99444502,3
99456319,0.99456319,1
99470691,0.99470691,1
99471934,0.9947193400000001,1
99611616,0.99611616,2
99622461,0.9962246100000001,1
99744001,0.99744001,3
99779110,0.9977911,3
99787143,0.99787143,1
99804291,0.99804291,4
99818538,0.99818538,1
99905062,0.99905062,1
99917306,0.9991730600000001,1
99959041,0.99959041,1
99963609,0.99963609,1
99980520,0.9998052000000001,3
